{
  "urls": [
    "ch3.mp3",
    "ch3.ogg",
    "ch3.m4a"    
  ],
  "sprite": {
    "emoji_drop1": [
      0,
      714.0136054421769
    ],
    "emoji_drop2": [
      2000,
      528.2539682539684
    ],
    "emoji_drop3": [
      4000,
      1216.1451247165535
    ],
    "emoji_drop4": [
      7000,
      1227.7551020408168
    ],
    "emoji_drop5": [
      10000,
      1062.3129251700689
    ]
  }
}