{
  "urls": [
    "ch6.mp3",
    "ch6.ogg",
    "ch6.m4a"    
  ],
  "sprite": {
    "Congratulations message": [
      0,
      4167.981859410431
    ],
    "No win this time message": [
      6000,
      2356.825396825396
    ]
  }
}