{
  "urls": [
    "ch8.mp3",
    "ch8.ogg",
    "ch8.m4a"    
  ],
  "sprite": {
    "Wheel spin_Loop": [
      0,
      1219.0476190476193
    ],
    "Wheel stop tada_V3": [
      3000,
      1300.3174603174602
    ]
  }
}