{
  "urls": [
    "ch7.mp3",
    "ch7.ogg",
    "ch7.m4a"    
  ],
  "sprite": {
    "Bet_Down": [
      0,
      750.5668934240363
    ],
    "Bet_Max": [
      2000,
      867.8004535147395
    ],
    "Bet_Up": [
      4000,
      750.5668934240362
    ],
    "Generic  click": [
      6000,
      928.7981859410435
    ],
    "Generic  clickV2": [
      8000,
      619.8639455782313
    ],
    "Play_Button_Accept_Bet": [
      10000,
      1555.736961451247
    ]
  }
}